source_id,target_id,rel_type,timestamp,amount
P001,PH001,USES,2026-08-01T11:17:17.586413,0
P001,PH002,USES,2026-08-02T11:17:17.586413,0
P001,V001,OWNS,2026-08-01T11:17:17.586413,0
P001,V002,ASSOCIATED_WITH,2026-08-03T11:17:17.586413,0
P001,LOC001,VISITED,2026-08-04T11:17:17.586413,0
P001,LOC002,VISITED,2026-08-05T11:17:17.586413,0
P001,ORG001,WORKS_FOR,2026-08-01T11:17:17.586413,0
P001,ORG002,ASSOCIATED_WITH,2026-08-02T11:17:17.586413,0
P001,P002,CALLED,2026-08-06T11:17:17.586413,0
P001,P003,CALLED,2026-08-07T11:17:17.586413,0
P001,P005,CALLED,2026-08-08T11:17:17.586413,0
P001,P006,MESSAGED,2026-08-09T11:17:17.586413,0
P001,P007,CALLED,2026-08-10T11:17:17.586413,0
P001,P008,CALLED,2026-08-11T11:17:17.586413,0
P001,P009,MESSAGED,2026-08-12T11:17:17.586413,0
P001,P010,CALLED,2026-08-13T11:17:17.586413,0
P001,P011,TRANSFERRED_TO,2026-08-14T11:17:17.586413,50000
P027,P032,CALLED,2026-08-24T08:18:17.586413,0
P107,P075,MESSAGED,2026-08-20T04:01:17.586413,0
P105,P080,MESSAGED,2026-08-20T00:36:17.586413,0
P008,P007,CALLED,2026-08-02T17:53:17.586413,0
P021,P025,MESSAGED,2026-08-07T21:22:17.586413,0
P031,P033,CALLED,2026-08-18T15:13:17.586413,0
P043,P057,MESSAGED,2026-08-06T01:25:17.586413,0
P077,P078,MESSAGED,2026-08-03T11:55:17.586413,0
P089,P075,MESSAGED,2026-08-05T22:22:17.586413,0
P005,P015,MESSAGED,2026-08-10T11:55:17.586413,0
P087,P105,CALLED,2026-08-21T20:41:17.586413,0
P054,P045,CALLED,2026-08-08T21:26:17.586413,0
P077,P082,MESSAGED,2026-08-02T04:29:17.586413,0
P078,P087,CALLED,2026-08-17T05:29:17.586413,0
P081,P089,MESSAGED,2026-08-05T20:33:17.586413,0
P013,P023,CALLED,2026-08-26T07:43:17.586413,0
P017,P010,MESSAGED,2026-08-22T23:20:17.586413,0
P027,P018,MESSAGED,2026-08-11T06:55:17.586413,0
P079,P105,MESSAGED,2026-08-10T20:43:17.586413,0
P021,P018,MESSAGED,2026-08-11T20:44:17.586413,0
P102,P078,CALLED,2026-08-24T15:10:17.586413,0
P025,P019,CALLED,2026-08-05T10:50:17.586413,0
P103,P079,MESSAGED,2026-08-11T03:57:17.586413,0
P055,P066,CALLED,2026-08-12T22:21:17.586413,0
P090,P091,MESSAGED,2026-08-04T05:14:17.586413,0
P052,P062,CALLED,2026-08-16T08:57:17.586413,0
P078,P084,MESSAGED,2026-08-16T08:53:17.586413,0
P092,P072,MESSAGED,2026-08-10T11:49:17.586413,0
P102,P098,CALLED,2026-08-24T17:05:17.586413,0
P038,P068,CALLED,2026-08-27T17:13:17.586413,0
P031,P013,MESSAGED,2026-08-04T08:56:17.586413,0
P103,P101,CALLED,2026-08-12T05:37:17.586413,0
P074,P109,CALLED,2026-08-16T15:55:17.586413,0
P106,P089,CALLED,2026-08-17T12:02:17.586413,0
P044,P054,MESSAGED,2026-08-14T08:22:17.586413,0
P021,P011,CALLED,2026-08-01T22:03:17.586413,0
P005,P022,MESSAGED,2026-08-28T22:54:17.586413,0
P102,P086,CALLED,2026-08-11T19:01:17.586413,0
P098,P083,CALLED,2026-08-17T18:46:17.586413,0
P094,P083,CALLED,2026-08-18T15:44:17.586413,0
P007,P019,CALLED,2026-08-07T16:46:17.586413,0
P085,P097,MESSAGED,2026-08-23T05:42:17.586413,0
P028,P016,CALLED,2026-08-08T05:56:17.586413,0
P063,P046,MESSAGED,2026-08-05T13:28:17.586413,0
P017,P016,MESSAGED,2026-08-02T16:37:17.586413,0
P044,P040,MESSAGED,2026-08-21T19:59:17.586413,0
P015,P007,MESSAGED,2026-08-25T04:46:17.586413,0
P055,P038,MESSAGED,2026-08-26T09:35:17.586413,0
P072,P078,MESSAGED,2026-08-12T12:28:17.586413,0
P072,P098,CALLED,2026-08-20T12:30:17.586413,0
P013,P021,MESSAGED,2026-08-19T20:39:17.586413,0
P017,P013,MESSAGED,2026-08-25T15:20:17.586413,0
P102,P077,MESSAGED,2026-08-20T13:32:17.586413,0
P023,P024,CALLED,2026-08-02T11:58:17.586413,0
P069,P050,MESSAGED,2026-08-01T12:40:17.586413,0
P044,P066,MESSAGED,2026-08-21T06:22:17.586413,0
P058,P054,MESSAGED,2026-08-06T16:01:17.586413,0
P045,P065,CALLED,2026-08-07T06:49:17.586413,0
P041,P048,CALLED,2026-08-03T15:18:17.586413,0
P037,P055,CALLED,2026-08-24T07:44:17.586413,0
P094,P078,CALLED,2026-08-24T13:23:17.586413,0
P023,P011,CALLED,2026-08-07T08:46:17.586413,0
P103,P077,MESSAGED,2026-08-10T05:30:17.586413,0
P049,P065,CALLED,2026-08-10T05:37:17.586413,0
P064,P054,MESSAGED,2026-08-27T01:44:17.586413,0
P086,P108,CALLED,2026-08-08T10:39:17.586413,0
P102,P098,MESSAGED,2026-08-28T04:17:17.586413,0
P032,P024,MESSAGED,2026-08-07T16:58:17.586413,0
P075,P078,MESSAGED,2026-08-24T01:30:17.586413,0
P011,P025,MESSAGED,2026-08-19T22:53:17.586413,0
P030,P031,MESSAGED,2026-08-25T13:31:17.586413,0
P058,P054,MESSAGED,2026-08-10T08:24:17.586413,0
P031,P013,CALLED,2026-08-24T07:12:17.586413,0
P061,P057,MESSAGED,2026-08-18T23:48:17.586413,0
P062,P065,MESSAGED,2026-08-26T22:41:17.586413,0
P047,P068,MESSAGED,2026-08-09T21:48:17.586413,0
P049,P038,CALLED,2026-08-20T07:32:17.586413,0
P029,P034,CALLED,2026-08-26T15:41:17.586413,0
P039,P062,CALLED,2026-08-07T17:37:17.586413,0
P050,P052,MESSAGED,2026-08-04T01:45:17.586413,0
P055,P053,CALLED,2026-08-12T05:04:17.586413,0
P059,P065,MESSAGED,2026-08-05T22:47:17.586413,0
P040,P045,CALLED,2026-08-22T03:17:17.586413,0
P048,P057,CALLED,2026-08-11T08:42:17.586413,0
P006,P029,CALLED,2026-08-19T05:48:17.586413,0
P011,P015,CALLED,2026-08-04T20:10:17.586413,0
P016,P029,CALLED,2026-08-04T18:42:17.586413,0
P087,P101,MESSAGED,2026-08-23T12:26:17.586413,0
P034,P024,CALLED,2026-08-08T18:21:17.586413,0
P027,P016,CALLED,2026-08-25T08:33:17.586413,0
P052,P049,MESSAGED,2026-08-09T10:04:17.586413,0
P106,P100,MESSAGED,2026-08-03T05:31:17.586413,0
P097,P072,CALLED,2026-08-21T16:19:17.586413,0
P016,P029,CALLED,2026-08-09T06:33:17.586413,0
P047,P050,MESSAGED,2026-08-14T11:42:17.586413,0
P091,P082,CALLED,2026-08-13T09:44:17.586413,0
P030,P028,MESSAGED,2026-08-13T09:24:17.586413,0
P047,P041,MESSAGED,2026-08-02T05:31:17.586413,0
P014,P023,CALLED,2026-08-13T18:19:17.586413,0
P036,P058,MESSAGED,2026-08-06T18:24:17.586413,0
P014,P011,CALLED,2026-08-22T06:30:17.586413,0
P022,P020,MESSAGED,2026-08-15T21:46:17.586413,0
P105,P086,CALLED,2026-08-23T08:04:17.586413,0
P093,P078,MESSAGED,2026-08-08T11:27:17.586413,0
P011,P024,MESSAGED,2026-08-07T15:27:17.586413,0
P069,P036,CALLED,2026-08-28T22:22:17.586413,0
P031,P034,CALLED,2026-08-18T11:56:17.586413,0
P031,P014,CALLED,2026-08-22T00:33:17.586413,0
P048,P051,CALLED,2026-08-06T22:08:17.586413,0
P016,P026,CALLED,2026-08-21T14:27:17.586413,0
P008,P030,CALLED,2026-08-21T10:54:17.586413,0
P042,P058,MESSAGED,2026-08-28T19:28:17.586413,0
P108,P102,MESSAGED,2026-08-15T08:43:17.586413,0
P079,P093,CALLED,2026-08-13T03:46:17.586413,0
P042,P057,CALLED,2026-08-16T06:28:17.586413,0
P015,P021,CALLED,2026-08-07T20:35:17.586413,0
P044,P057,CALLED,2026-08-24T15:23:17.586413,0
P083,P094,MESSAGED,2026-08-06T19:39:17.586413,0
P073,P071,CALLED,2026-08-03T20:26:17.586413,0
P032,P029,MESSAGED,2026-08-04T22:52:17.586413,0
P107,P084,MESSAGED,2026-08-14T16:43:17.586413,0
P049,P060,MESSAGED,2026-08-05T02:48:17.586413,0
P063,P059,CALLED,2026-08-05T22:02:17.586413,0
P105,P081,CALLED,2026-08-09T15:26:17.586413,0
P063,P052,MESSAGED,2026-08-17T14:04:17.586413,0
P040,P056,MESSAGED,2026-08-28T13:54:17.586413,0
P107,P081,CALLED,2026-08-14T09:50:17.586413,0
P012,P028,CALLED,2026-08-07T00:11:17.586413,0
P029,P006,MESSAGED,2026-08-06T16:03:17.586413,0
P099,P104,CALLED,2026-08-05T04:34:17.586413,0
P015,P029,CALLED,2026-08-27T11:31:17.586413,0
P024,P032,CALLED,2026-08-08T08:22:17.586413,0
P011,P019,MESSAGED,2026-08-27T05:47:17.586413,0
P031,P026,CALLED,2026-08-14T05:49:17.586413,0
P010,P034,MESSAGED,2026-08-17T22:30:17.586413,0
P075,P103,CALLED,2026-08-27T15:36:17.586413,0
P035,P028,MESSAGED,2026-08-02T17:38:17.586413,0
P047,P048,CALLED,2026-08-11T20:37:17.586413,0
P051,P040,MESSAGED,2026-08-16T08:26:17.586413,0
P091,P109,CALLED,2026-08-02T13:12:17.586413,0
P033,P005,CALLED,2026-08-11T18:01:17.586413,0
P089,P090,CALLED,2026-08-21T23:55:17.586413,0
P059,P045,MESSAGED,2026-08-13T02:29:17.586413,0
P035,P034,MESSAGED,2026-08-20T20:01:17.586413,0
P047,P050,MESSAGED,2026-08-28T02:37:17.586413,0
P043,P042,CALLED,2026-08-14T20:19:17.586413,0
P071,P085,CALLED,2026-08-28T09:42:17.586413,0
P100,P082,MESSAGED,2026-08-03T02:14:17.586413,0
P062,P041,MESSAGED,2026-08-11T23:20:17.586413,0
P102,P085,CALLED,2026-08-16T09:43:17.586413,0
P030,P034,CALLED,2026-08-27T06:44:17.586413,0
P102,P099,CALLED,2026-08-04T15:46:17.586413,0
P042,P069,MESSAGED,2026-08-27T07:00:17.586413,0
P048,P057,CALLED,2026-08-20T15:07:17.586413,0
P058,P064,CALLED,2026-08-16T02:53:17.586413,0
P034,P010,CALLED,2026-08-20T20:55:17.586413,0
P087,P082,CALLED,2026-08-01T16:17:17.586413,0
P109,P095,MESSAGED,2026-08-08T19:58:17.586413,0
P011,P005,CALLED,2026-08-27T20:37:17.586413,0
P021,P029,MESSAGED,2026-08-03T00:42:17.586413,0
P086,P088,CALLED,2026-08-23T07:09:17.586413,0
P054,P055,MESSAGED,2026-08-25T17:59:17.586413,0
P089,P092,CALLED,2026-08-24T04:39:17.586413,0
P067,P066,CALLED,2026-08-27T01:11:17.586413,0
P107,P087,MESSAGED,2026-08-02T05:06:17.586413,0
P038,P040,MESSAGED,2026-08-08T05:25:17.586413,0
P041,P060,MESSAGED,2026-08-02T06:58:17.586413,0
P075,P104,MESSAGED,2026-08-20T20:49:17.586413,0
P058,P053,CALLED,2026-08-28T23:31:17.586413,0
P039,P045,MESSAGED,2026-08-27T20:15:17.586413,0
P063,P046,CALLED,2026-08-15T15:13:17.586413,0
P007,P033,CALLED,2026-08-28T18:47:17.586413,0
P067,P062,MESSAGED,2026-08-12T19:11:17.586413,0
P011,P007,MESSAGED,2026-08-13T15:40:17.586413,0
P021,P029,CALLED,2026-08-12T08:45:17.586413,0
P032,P017,CALLED,2026-08-16T05:24:17.586413,0
P068,P036,MESSAGED,2026-08-15T23:18:17.586413,0
P081,P104,MESSAGED,2026-08-19T16:35:17.586413,0
P077,P079,MESSAGED,2026-08-29T03:28:17.586413,0
P072,P100,CALLED,2026-08-25T01:06:17.586413,0
P007,P032,CALLED,2026-08-08T23:46:17.586413,0
P092,P107,CALLED,2026-08-26T15:20:17.586413,0
P020,P021,MESSAGED,2026-08-25T08:53:17.586413,0
P086,P106,CALLED,2026-08-07T14:15:17.586413,0
P092,P084,MESSAGED,2026-08-14T22:41:17.586413,0
P021,P008,CALLED,2026-08-23T08:46:17.586413,0
P051,P068,MESSAGED,2026-08-09T08:36:17.586413,0
P058,P040,CALLED,2026-08-03T15:40:17.586413,0
P026,P012,CALLED,2026-08-25T12:20:17.586413,0
P012,P029,MESSAGED,2026-08-07T20:19:17.586413,0
P020,P015,MESSAGED,2026-08-25T09:55:17.586413,0
P029,P022,CALLED,2026-08-15T17:25:17.586413,0
P077,P078,MESSAGED,2026-08-03T21:15:17.586413,0
P066,P042,CALLED,2026-08-07T01:07:17.586413,0
P076,P089,CALLED,2026-08-01T15:16:17.586413,0
P095,P087,CALLED,2026-08-25T12:55:17.586413,0
P014,P035,CALLED,2026-08-26T05:25:17.586413,0
P015,P024,CALLED,2026-08-24T00:32:17.586413,0
P007,P010,CALLED,2026-08-07T07:33:17.586413,0
P096,P090,CALLED,2026-08-05T12:44:17.586413,0
P060,P054,CALLED,2026-08-04T22:55:17.586413,0
P027,P018,CALLED,2026-08-17T10:41:17.586413,0
P027,P012,CALLED,2026-08-25T17:22:17.586413,0
P014,P017,MESSAGED,2026-08-24T07:24:17.586413,0
P023,P016,MESSAGED,2026-08-29T08:33:17.586413,0
P032,P005,MESSAGED,2026-08-04T07:21:17.586413,0
P031,P021,MESSAGED,2026-08-29T05:43:17.586413,0
P055,P059,CALLED,2026-08-17T19:32:17.586413,0
P044,P065,CALLED,2026-08-04T15:05:17.586413,0
P072,P083,CALLED,2026-08-26T03:14:17.586413,0
P025,P016,CALLED,2026-08-07T03:31:17.586413,0
P068,P041,CALLED,2026-08-05T06:00:17.586413,0
P035,P029,MESSAGED,2026-08-13T04:20:17.586413,0
P055,P038,CALLED,2026-08-15T13:17:17.586413,0
P051,P059,CALLED,2026-08-25T03:23:17.586413,0
P051,P039,CALLED,2026-08-09T15:24:17.586413,0
P027,P012,CALLED,2026-08-16T03:08:17.586413,0
P084,P081,CALLED,2026-08-16T04:32:17.586413,0
P025,P029,MESSAGED,2026-08-18T04:50:17.586413,0
P036,P038,MESSAGED,2026-08-16T18:17:17.586413,0
P066,P067,CALLED,2026-08-03T18:01:17.586413,0
P075,P077,CALLED,2026-08-03T00:07:17.586413,0
P044,P068,MESSAGED,2026-08-02T12:54:17.586413,0
P019,P017,MESSAGED,2026-08-08T21:12:17.586413,0
P028,P029,CALLED,2026-08-02T13:16:17.586413,0
P066,P067,MESSAGED,2026-08-08T08:24:17.586413,0
P081,P084,MESSAGED,2026-08-26T11:22:17.586413,0
P073,P095,CALLED,2026-08-27T04:00:17.586413,0
P012,P005,CALLED,2026-08-12T20:24:17.586413,0
P088,P109,MESSAGED,2026-08-13T19:25:17.586413,0
P027,P025,CALLED,2026-08-13T14:13:17.586413,0
P009,P017,MESSAGED,2026-08-26T02:59:17.586413,0
P109,P102,CALLED,2026-08-07T03:22:17.586413,0
P028,P021,MESSAGED,2026-08-27T08:44:17.586413,0
P076,P088,MESSAGED,2026-08-02T15:29:17.586413,0
P019,P028,MESSAGED,2026-08-10T01:37:17.586413,0
P026,P015,CALLED,2026-08-10T18:57:17.586413,0
P100,P086,CALLED,2026-08-22T01:32:17.586413,0
P024,P032,CALLED,2026-08-21T07:27:17.586413,0
P041,P062,CALLED,2026-08-20T03:36:17.586413,0
P021,P035,MESSAGED,2026-08-28T07:11:17.586413,0
P050,P064,MESSAGED,2026-08-13T23:02:17.586413,0
P012,P030,MESSAGED,2026-08-09T15:05:17.586413,0
P032,P028,MESSAGED,2026-08-20T09:31:17.586413,0
P015,P011,MESSAGED,2026-08-23T03:27:17.586413,0
P018,P029,CALLED,2026-08-02T05:53:17.586413,0
P012,P020,CALLED,2026-08-19T11:51:17.586413,0
P073,P086,CALLED,2026-08-09T12:54:17.586413,0
P015,P007,MESSAGED,2026-08-03T19:39:17.586413,0
P044,P052,MESSAGED,2026-08-09T02:14:17.586413,0
P060,P036,CALLED,2026-08-14T03:55:17.586413,0
P044,P056,CALLED,2026-08-05T06:26:17.586413,0
P049,P046,CALLED,2026-08-06T21:13:17.586413,0
P106,P090,MESSAGED,2026-08-09T13:27:17.586413,0
P027,P012,CALLED,2026-08-08T08:58:17.586413,0
P101,P074,CALLED,2026-08-10T06:14:17.586413,0
P042,P045,CALLED,2026-08-23T09:35:17.586413,0
P049,P060,MESSAGED,2026-08-23T04:24:17.586413,0
P008,P024,MESSAGED,2026-08-05T21:40:17.586413,0
P055,P042,MESSAGED,2026-08-08T14:11:17.586413,0
P045,P037,MESSAGED,2026-08-13T10:22:17.586413,0
P086,P084,MESSAGED,2026-08-23T13:23:17.586413,0
P093,P073,CALLED,2026-08-14T03:35:17.586413,0
P092,P086,MESSAGED,2026-08-24T07:41:17.586413,0
P031,P032,MESSAGED,2026-08-17T05:12:17.586413,0
P063,P066,CALLED,2026-08-23T18:09:17.586413,0
P096,P086,CALLED,2026-08-04T20:22:17.586413,0
P073,P107,MESSAGED,2026-08-14T08:10:17.586413,0
P015,P010,MESSAGED,2026-08-29T08:41:17.586413,0
P049,P054,MESSAGED,2026-08-22T04:03:17.586413,0
P109,P081,MESSAGED,2026-08-21T22:48:17.586413,0
P063,P045,MESSAGED,2026-08-05T00:21:17.586413,0
P058,P068,MESSAGED,2026-08-18T16:53:17.586413,0
P034,P035,CALLED,2026-08-11T01:36:17.586413,0
P011,P020,MESSAGED,2026-08-28T15:02:17.586413,0
P051,P048,MESSAGED,2026-08-09T13:43:17.586413,0
P088,P080,MESSAGED,2026-08-17T06:07:17.586413,0
P035,P019,MESSAGED,2026-08-25T06:48:17.586413,0
P018,P025,MESSAGED,2026-08-22T09:05:17.586413,0
P007,P011,MESSAGED,2026-08-15T19:47:17.586413,0
P015,P024,CALLED,2026-08-09T11:59:17.586413,0
P012,P018,MESSAGED,2026-08-19T16:21:17.586413,0
P026,P018,CALLED,2026-08-22T03:07:17.586413,0
P027,P013,MESSAGED,2026-08-15T05:38:17.586413,0
P033,P006,CALLED,2026-08-08T20:56:17.586413,0
P067,P036,CALLED,2026-08-21T19:39:17.586413,0
P082,P103,MESSAGED,2026-08-16T03:06:17.586413,0
P058,P042,CALLED,2026-08-23T19:46:17.586413,0
P057,P067,CALLED,2026-08-12T13:53:17.586413,0
P048,P066,MESSAGED,2026-08-15T01:45:17.586413,0
P108,P084,MESSAGED,2026-08-17T19:05:17.586413,0
P015,P027,MESSAGED,2026-08-29T00:27:17.586413,0
P069,P053,MESSAGED,2026-08-15T00:07:17.586413,0
P097,P094,MESSAGED,2026-08-08T17:18:17.586413,0
P022,P007,CALLED,2026-08-10T08:36:17.586413,0
P086,P090,CALLED,2026-08-06T13:05:17.586413,0
P045,P065,CALLED,2026-08-15T19:21:17.586413,0
P012,P028,CALLED,2026-08-03T20:48:17.586413,0
P093,P101,MESSAGED,2026-08-04T20:50:17.586413,0
P005,P035,MESSAGED,2026-08-21T11:51:17.586413,0
P009,P011,MESSAGED,2026-08-19T17:26:17.586413,0
P049,P052,CALLED,2026-08-02T16:13:17.586413,0
P060,P061,CALLED,2026-08-28T07:15:17.586413,0
P065,P067,CALLED,2026-08-20T05:29:17.586413,0
P054,P039,CALLED,2026-08-25T15:49:17.586413,0
P060,P049,MESSAGED,2026-08-14T04:47:17.586413,0
P063,P059,CALLED,2026-08-22T04:49:17.586413,0
P018,P022,MESSAGED,2026-08-04T02:28:17.586413,0
P021,P033,MESSAGED,2026-08-28T03:17:17.586413,0
P053,P057,MESSAGED,2026-08-02T00:02:17.586413,0
P021,P020,MESSAGED,2026-08-16T00:23:17.586413,0
P028,P030,CALLED,2026-08-16T19:34:17.586413,0
P036,PH003,USES,2026-08-09T11:17:17.586413,0
P075,PH004,USES,2026-08-05T11:17:17.586413,0
P021,PH005,USES,2026-08-03T11:17:17.586413,0
P080,PH006,USES,2026-08-05T11:17:17.586413,0
P071,PH007,USES,2026-08-08T11:17:17.586413,0
P004,PH008,USES,2026-08-05T11:17:17.586413,0
P004,PH009,USES,2026-08-03T11:17:17.586413,0
P092,PH010,USES,2026-08-08T11:17:17.586413,0
P059,PH011,USES,2026-08-10T11:17:17.586413,0
P024,PH012,USES,2026-08-03T11:17:17.586413,0
P095,PH013,USES,2026-08-07T11:17:17.586413,0
P034,PH014,USES,2026-08-03T11:17:17.586413,0
P038,PH015,USES,2026-08-09T11:17:17.586413,0
P061,PH016,USES,2026-08-01T11:17:17.586413,0
P026,PH017,USES,2026-08-08T11:17:17.586413,0
P059,PH018,USES,2026-08-05T11:17:17.586413,0
P093,PH019,USES,2026-08-07T11:17:17.586413,0
P026,PH020,USES,2026-08-09T11:17:17.586413,0
P047,PH021,USES,2026-08-08T11:17:17.586413,0
P080,PH022,USES,2026-08-01T11:17:17.586413,0
P079,PH023,USES,2026-08-07T11:17:17.586413,0
P038,PH024,USES,2026-08-10T11:17:17.586413,0
P020,PH025,USES,2026-08-05T11:17:17.586413,0
P034,PH026,USES,2026-08-04T11:17:17.586413,0
P018,PH027,USES,2026-08-08T11:17:17.586413,0
P034,PH028,USES,2026-08-02T11:17:17.586413,0
P014,PH029,USES,2026-08-10T11:17:17.586413,0
P087,PH030,USES,2026-08-08T11:17:17.586413,0
P109,PH031,USES,2026-08-06T11:17:17.586413,0
P008,PH032,USES,2026-08-02T11:17:17.586413,0
P079,PH033,USES,2026-08-09T11:17:17.586413,0
P107,PH034,USES,2026-08-01T11:17:17.586413,0
P056,PH035,USES,2026-08-01T11:17:17.586413,0
P093,PH036,USES,2026-08-07T11:17:17.586413,0
P079,PH037,USES,2026-08-03T11:17:17.586413,0
P044,PH038,USES,2026-08-01T11:17:17.586413,0
P030,PH039,USES,2026-08-08T11:17:17.586413,0
P056,PH040,USES,2026-08-09T11:17:17.586413,0
P071,PH041,USES,2026-08-09T11:17:17.586413,0
P079,PH042,USES,2026-08-01T11:17:17.586413,0
P025,PH043,USES,2026-08-08T11:17:17.586413,0
P052,PH044,USES,2026-08-07T11:17:17.586413,0
P028,PH045,USES,2026-08-06T11:17:17.586413,0
P040,PH046,USES,2026-08-07T11:17:17.586413,0
P006,PH047,USES,2026-08-06T11:17:17.586413,0
P076,PH048,USES,2026-08-05T11:17:17.586413,0
P076,PH049,USES,2026-08-07T11:17:17.586413,0
P059,PH050,USES,2026-08-09T11:17:17.586413,0
P109,PH051,USES,2026-08-03T11:17:17.586413,0
P084,PH052,USES,2026-08-01T11:17:17.586413,0
P044,PH053,USES,2026-08-01T11:17:17.586413,0
P051,PH054,USES,2026-08-09T11:17:17.586413,0
P076,PH055,USES,2026-08-01T11:17:17.586413,0
P042,PH056,USES,2026-08-08T11:17:17.586413,0
P006,PH057,USES,2026-08-10T11:17:17.586413,0
P082,PH058,USES,2026-08-08T11:17:17.586413,0
P015,PH059,USES,2026-08-01T11:17:17.586413,0
P036,PH060,USES,2026-08-02T11:17:17.586413,0
P041,P013,TRANSFERRED_TO,2026-08-18T18:17:17.586413,22815
P101,P062,TRANSFERRED_TO,2026-08-07T08:17:17.586413,10431
P036,P055,TRANSFERRED_TO,2026-08-14T00:17:17.586413,11984
P027,P028,TRANSFERRED_TO,2026-08-20T15:17:17.586413,2130
P079,P014,TRANSFERRED_TO,2026-08-07T00:17:17.586413,23162
P107,P068,TRANSFERRED_TO,2026-08-22T14:17:17.586413,18292
P010,P066,TRANSFERRED_TO,2026-08-20T20:17:17.586413,12703
P049,P098,TRANSFERRED_TO,2026-08-26T15:17:17.586413,7954
P104,P049,TRANSFERRED_TO,2026-08-25T20:17:17.586413,23865
P100,P048,TRANSFERRED_TO,2026-08-03T13:17:17.586413,4009
P108,P029,TRANSFERRED_TO,2026-08-25T07:17:17.586413,5616
P048,P070,TRANSFERRED_TO,2026-08-08T21:17:17.586413,2298
P073,P069,TRANSFERRED_TO,2026-08-05T17:17:17.586413,10021
P107,P022,TRANSFERRED_TO,2026-08-08T03:17:17.586413,9082
P003,P017,TRANSFERRED_TO,2026-08-28T09:17:17.586413,3659
P012,P029,TRANSFERRED_TO,2026-08-07T05:17:17.586413,2408
P004,P083,TRANSFERRED_TO,2026-08-26T15:17:17.586413,13113
P038,P077,TRANSFERRED_TO,2026-08-06T04:17:17.586413,18782
P092,P019,TRANSFERRED_TO,2026-08-25T05:17:17.586413,8502
P019,P106,TRANSFERRED_TO,2026-08-03T17:17:17.586413,15258
P029,P009,TRANSFERRED_TO,2026-08-14T22:17:17.586413,13364
P043,P003,TRANSFERRED_TO,2026-08-13T03:17:17.586413,12937
P036,P013,TRANSFERRED_TO,2026-08-13T14:17:17.586413,16345
P014,P022,TRANSFERRED_TO,2026-08-29T06:17:17.586413,15349
P075,P046,TRANSFERRED_TO,2026-08-02T19:17:17.586413,23364
P031,P066,TRANSFERRED_TO,2026-08-27T14:17:17.586413,19615
P098,P050,TRANSFERRED_TO,2026-08-04T15:17:17.586413,11298
P055,P107,TRANSFERRED_TO,2026-08-03T01:17:17.586413,14270
P109,P037,TRANSFERRED_TO,2026-08-17T01:17:17.586413,23494
P088,P028,TRANSFERRED_TO,2026-08-07T11:17:17.586413,22382
P078,P005,TRANSFERRED_TO,2026-08-14T12:17:17.586413,2676
P046,P086,TRANSFERRED_TO,2026-08-06T14:17:17.586413,21836
P031,P075,TRANSFERRED_TO,2026-08-03T19:17:17.586413,4372
P094,P025,TRANSFERRED_TO,2026-08-11T06:17:17.586413,11235
P093,P065,TRANSFERRED_TO,2026-08-18T22:17:17.586413,10769
P062,P013,TRANSFERRED_TO,2026-08-09T20:17:17.586413,7582
P068,P011,TRANSFERRED_TO,2026-08-08T10:17:17.586413,21403
P045,P107,TRANSFERRED_TO,2026-08-08T15:17:17.586413,12611
P031,P065,TRANSFERRED_TO,2026-08-02T18:17:17.586413,4969
P085,P090,TRANSFERRED_TO,2026-08-10T11:17:17.586413,4915
P037,P090,TRANSFERRED_TO,2026-08-20T19:17:17.586413,23438
P055,P033,TRANSFERRED_TO,2026-08-15T07:17:17.586413,10461
P028,P035,TRANSFERRED_TO,2026-08-19T07:17:17.586413,2853
P044,P016,TRANSFERRED_TO,2026-08-08T21:17:17.586413,2468
P081,P044,TRANSFERRED_TO,2026-08-04T21:17:17.586413,13655
P047,P028,TRANSFERRED_TO,2026-08-28T06:17:17.586413,9107
P060,P082,TRANSFERRED_TO,2026-08-05T03:17:17.586413,13574
P042,P003,TRANSFERRED_TO,2026-08-17T23:17:17.586413,22279
P040,P109,TRANSFERRED_TO,2026-08-14T01:17:17.586413,4813
P089,P058,TRANSFERRED_TO,2026-08-18T16:17:17.586413,7472
P028,P036,TRANSFERRED_TO,2026-08-20T01:17:17.586413,17501
P056,P089,TRANSFERRED_TO,2026-08-27T15:17:17.586413,18370
P062,P026,TRANSFERRED_TO,2026-08-20T02:17:17.586413,14022
P013,P085,TRANSFERRED_TO,2026-08-22T21:17:17.586413,15196
P026,P077,TRANSFERRED_TO,2026-08-28T03:17:17.586413,12108
P028,P034,TRANSFERRED_TO,2026-08-17T07:17:17.586413,18174
P029,P072,TRANSFERRED_TO,2026-08-05T11:17:17.586413,1472
P029,P080,TRANSFERRED_TO,2026-08-28T12:17:17.586413,1240
P073,P107,TRANSFERRED_TO,2026-08-20T04:17:17.586413,19734
P046,P075,TRANSFERRED_TO,2026-08-08T19:17:17.586413,11742
P063,P014,TRANSFERRED_TO,2026-08-17T12:17:17.586413,2309
P079,P043,TRANSFERRED_TO,2026-08-10T13:17:17.586413,9042
P047,P059,TRANSFERRED_TO,2026-08-04T11:17:17.586413,17771
P006,P051,TRANSFERRED_TO,2026-08-17T01:17:17.586413,5792
P032,P009,TRANSFERRED_TO,2026-08-11T16:17:17.586413,22902
P031,P043,TRANSFERRED_TO,2026-08-15T10:17:17.586413,24866
P100,P026,TRANSFERRED_TO,2026-08-11T06:17:17.586413,5475
P043,P093,TRANSFERRED_TO,2026-08-22T05:17:17.586413,11910
P067,P017,TRANSFERRED_TO,2026-08-02T13:17:17.586413,2511
P010,P105,TRANSFERRED_TO,2026-08-21T14:17:17.586413,11400
P033,P100,TRANSFERRED_TO,2026-08-19T07:17:17.586413,9098
P109,P050,TRANSFERRED_TO,2026-08-07T19:17:17.586413,7612
P050,P078,TRANSFERRED_TO,2026-08-09T01:17:17.586413,1535
P006,P067,TRANSFERRED_TO,2026-08-18T18:17:17.586413,12063
P089,P049,TRANSFERRED_TO,2026-08-27T04:17:17.586413,17824
P006,P059,TRANSFERRED_TO,2026-08-10T08:17:17.586413,19105
P046,P036,TRANSFERRED_TO,2026-08-05T21:17:17.586413,8237
P105,P044,TRANSFERRED_TO,2026-08-19T17:17:17.586413,3878
P093,P086,TRANSFERRED_TO,2026-08-05T09:17:17.586413,18952
P055,P041,TRANSFERRED_TO,2026-08-23T14:17:17.586413,22109
P040,P093,TRANSFERRED_TO,2026-08-13T02:17:17.586413,11528
P065,P093,TRANSFERRED_TO,2026-08-02T05:17:17.586413,8067
P051,P017,TRANSFERRED_TO,2026-08-25T21:17:17.586413,14468
P043,P083,TRANSFERRED_TO,2026-08-23T03:17:17.586413,19540
P065,P070,TRANSFERRED_TO,2026-08-02T15:17:17.586413,2079
P097,P091,TRANSFERRED_TO,2026-08-10T19:17:17.586413,13161
P022,P082,TRANSFERRED_TO,2026-08-16T02:17:17.586413,23361
P009,P087,TRANSFERRED_TO,2026-08-18T02:17:17.586413,10012
P065,P023,TRANSFERRED_TO,2026-08-23T14:17:17.586413,7059
P084,P054,TRANSFERRED_TO,2026-08-14T04:17:17.586413,13664
P071,P048,TRANSFERRED_TO,2026-08-07T01:17:17.586413,8058
P067,P045,TRANSFERRED_TO,2026-08-19T11:17:17.586413,7374
P065,P023,TRANSFERRED_TO,2026-08-16T05:17:17.586413,1069
P038,P068,TRANSFERRED_TO,2026-08-23T20:17:17.586413,23163
P096,P074,TRANSFERRED_TO,2026-08-28T15:17:17.586413,5092
P006,P021,TRANSFERRED_TO,2026-08-16T12:17:17.586413,12390
P067,P004,TRANSFERRED_TO,2026-08-14T14:17:17.586413,20098
P085,P054,TRANSFERRED_TO,2026-08-06T03:17:17.586413,23578
P056,P109,TRANSFERRED_TO,2026-08-17T18:17:17.586413,22156
P047,P070,TRANSFERRED_TO,2026-08-15T12:17:17.586413,16654
P031,P010,TRANSFERRED_TO,2026-08-16T17:17:17.586413,4803
P045,P089,TRANSFERRED_TO,2026-08-28T05:17:17.586413,14447
P021,P027,TRANSFERRED_TO,2026-08-03T12:17:17.586413,13551
P109,P005,TRANSFERRED_TO,2026-08-02T21:17:17.586413,22600
P005,P002,TRANSFERRED_TO,2026-08-26T12:17:17.586413,7412
P099,P023,TRANSFERRED_TO,2026-08-04T03:17:17.586413,8203
P109,P034,TRANSFERRED_TO,2026-08-16T08:17:17.586413,18468
P079,P008,TRANSFERRED_TO,2026-08-10T10:17:17.586413,20477
P057,P036,TRANSFERRED_TO,2026-08-03T00:17:17.586413,12856
P061,P005,TRANSFERRED_TO,2026-08-16T15:17:17.586413,4221
P052,P061,TRANSFERRED_TO,2026-08-08T14:17:17.586413,16489
P023,P053,TRANSFERRED_TO,2026-08-26T08:17:17.586413,15005
P106,P064,TRANSFERRED_TO,2026-08-21T17:17:17.586413,5773
P105,P020,TRANSFERRED_TO,2026-08-14T20:17:17.586413,24026
P028,P059,TRANSFERRED_TO,2026-08-04T09:17:17.586413,20812
P029,P105,TRANSFERRED_TO,2026-08-05T14:17:17.586413,16163
P012,P091,TRANSFERRED_TO,2026-08-15T11:17:17.586413,23649
P051,P014,TRANSFERRED_TO,2026-08-17T16:17:17.586413,7921
P037,P036,TRANSFERRED_TO,2026-08-08T18:17:17.586413,13827
P008,P024,TRANSFERRED_TO,2026-08-14T22:17:17.586413,2040
P099,P066,TRANSFERRED_TO,2026-08-16T10:17:17.586413,7347
P030,P080,TRANSFERRED_TO,2026-08-15T06:17:17.586413,11293
P107,P025,TRANSFERRED_TO,2026-08-23T13:17:17.586413,7562
P105,P003,TRANSFERRED_TO,2026-08-09T09:17:17.586413,2522
P106,P066,TRANSFERRED_TO,2026-08-14T00:17:17.586413,2832
P030,P063,TRANSFERRED_TO,2026-08-05T20:17:17.586413,22087
P011,P046,TRANSFERRED_TO,2026-08-25T01:17:17.586413,13351
P045,P042,TRANSFERRED_TO,2026-08-12T09:17:17.586413,7756
P032,P057,TRANSFERRED_TO,2026-08-21T10:17:17.586413,21122
P003,LOC026,VISITED,2026-08-24T08:17:17.586413,0
P029,LOC006,VISITED,2026-08-08T22:17:17.586413,0
P088,LOC002,VISITED,2026-08-21T02:17:17.586413,0
P008,LOC012,VISITED,2026-08-13T23:17:17.586413,0
P064,LOC013,VISITED,2026-08-18T06:17:17.586413,0
P090,LOC024,VISITED,2026-08-27T02:17:17.586413,0
P063,LOC033,VISITED,2026-08-12T05:17:17.586413,0
P027,LOC004,VISITED,2026-08-13T05:17:17.586413,0
P003,LOC037,VISITED,2026-08-26T01:17:17.586413,0
P093,LOC028,VISITED,2026-08-02T21:17:17.586413,0
P104,LOC028,VISITED,2026-08-20T06:17:17.586413,0
P032,LOC002,VISITED,2026-08-18T07:17:17.586413,0
P002,LOC023,VISITED,2026-08-05T07:17:17.586413,0
P015,LOC003,VISITED,2026-08-04T20:17:17.586413,0
P104,LOC019,VISITED,2026-08-28T20:17:17.586413,0
P009,LOC010,VISITED,2026-08-04T23:17:17.586413,0
P047,LOC014,VISITED,2026-08-24T00:17:17.586413,0
P014,LOC039,VISITED,2026-08-15T01:17:17.586413,0
P073,LOC024,VISITED,2026-08-10T21:17:17.586413,0
P007,LOC035,VISITED,2026-08-10T23:17:17.586413,0
P018,LOC023,VISITED,2026-08-20T21:17:17.586413,0
P061,LOC029,VISITED,2026-08-12T07:17:17.586413,0
P079,LOC004,VISITED,2026-08-23T07:17:17.586413,0
P066,LOC021,VISITED,2026-08-20T03:17:17.586413,0
P008,LOC009,VISITED,2026-08-05T21:17:17.586413,0
P039,LOC011,VISITED,2026-08-24T01:17:17.586413,0
P060,LOC013,VISITED,2026-08-26T05:17:17.586413,0
P058,LOC008,VISITED,2026-08-02T23:17:17.586413,0
P052,LOC024,VISITED,2026-08-05T01:17:17.586413,0
P085,LOC020,VISITED,2026-08-12T20:17:17.586413,0
P100,LOC022,VISITED,2026-08-06T03:17:17.586413,0
P103,LOC008,VISITED,2026-08-03T05:17:17.586413,0
P074,LOC005,VISITED,2026-08-03T01:17:17.586413,0
P072,LOC030,VISITED,2026-08-08T06:17:17.586413,0
P095,LOC029,VISITED,2026-08-17T22:17:17.586413,0
P004,LOC028,VISITED,2026-08-21T05:17:17.586413,0
P074,LOC032,VISITED,2026-08-22T22:17:17.586413,0
P018,LOC029,VISITED,2026-08-28T19:17:17.586413,0
P028,LOC038,VISITED,2026-08-18T04:17:17.586413,0
P024,LOC008,VISITED,2026-08-18T20:17:17.586413,0
P085,LOC002,VISITED,2026-08-12T22:17:17.586413,0
P096,LOC032,VISITED,2026-08-02T00:17:17.586413,0
P099,LOC018,VISITED,2026-08-19T08:17:17.586413,0
P041,LOC017,VISITED,2026-08-24T04:17:17.586413,0
P088,LOC001,VISITED,2026-08-24T01:17:17.586413,0
P103,LOC014,VISITED,2026-08-27T20:17:17.586413,0
P087,LOC014,VISITED,2026-08-06T20:17:17.586413,0
P002,LOC001,VISITED,2026-08-24T02:17:17.586413,0
P068,LOC014,VISITED,2026-08-26T19:17:17.586413,0
P031,LOC013,VISITED,2026-08-13T22:17:17.586413,0
P007,LOC023,VISITED,2026-08-26T07:17:17.586413,0
P074,LOC028,VISITED,2026-08-03T23:17:17.586413,0
P092,LOC033,VISITED,2026-08-27T02:17:17.586413,0
P059,LOC034,VISITED,2026-08-23T19:17:17.586413,0
P037,LOC024,VISITED,2026-08-03T05:17:17.586413,0
P004,LOC022,VISITED,2026-08-09T01:17:17.586413,0
P072,LOC030,VISITED,2026-08-29T04:17:17.586413,0
P027,LOC008,VISITED,2026-08-07T00:17:17.586413,0
P101,LOC018,VISITED,2026-08-28T02:17:17.586413,0
P047,LOC003,VISITED,2026-08-29T06:17:17.586413,0
P047,LOC039,VISITED,2026-08-03T05:17:17.586413,0
P010,LOC025,VISITED,2026-08-14T19:17:17.586413,0
P044,LOC002,VISITED,2026-08-20T08:17:17.586413,0
P033,LOC006,VISITED,2026-08-14T01:17:17.586413,0
P034,LOC027,VISITED,2026-08-23T06:17:17.586413,0
P072,LOC003,VISITED,2026-08-12T22:17:17.586413,0
P023,LOC005,VISITED,2026-08-22T03:17:17.586413,0
P028,LOC036,VISITED,2026-08-07T21:17:17.586413,0
P024,LOC001,VISITED,2026-08-14T02:17:17.586413,0
P100,LOC029,VISITED,2026-08-12T01:17:17.586413,0
P037,LOC005,VISITED,2026-08-08T06:17:17.586413,0
P022,LOC002,VISITED,2026-08-11T19:17:17.586413,0
P052,LOC001,VISITED,2026-08-03T20:17:17.586413,0
P092,LOC005,VISITED,2026-08-04T21:17:17.586413,0
P064,LOC022,VISITED,2026-08-09T07:17:17.586413,0
P097,LOC017,VISITED,2026-08-25T04:17:17.586413,0
P087,LOC008,VISITED,2026-08-10T20:17:17.586413,0
P052,LOC023,VISITED,2026-08-19T05:17:17.586413,0
P044,LOC003,VISITED,2026-08-03T04:17:17.586413,0
P021,LOC029,VISITED,2026-08-18T02:17:17.586413,0
P027,LOC023,VISITED,2026-08-26T22:17:17.586413,0
P012,LOC032,VISITED,2026-08-07T22:17:17.586413,0
P023,LOC010,VISITED,2026-08-14T03:17:17.586413,0
P083,LOC036,VISITED,2026-08-26T23:17:17.586413,0
P099,LOC038,VISITED,2026-08-10T03:17:17.586413,0
P017,LOC002,VISITED,2026-08-20T07:17:17.586413,0
P036,LOC039,VISITED,2026-08-22T23:17:17.586413,0
P007,LOC025,VISITED,2026-08-28T06:17:17.586413,0
P100,LOC039,VISITED,2026-08-02T04:17:17.586413,0
P013,LOC010,VISITED,2026-08-07T21:17:17.586413,0
P030,LOC032,VISITED,2026-08-18T23:17:17.586413,0
P065,LOC012,VISITED,2026-08-25T07:17:17.586413,0
P083,LOC027,VISITED,2026-08-08T22:17:17.586413,0
P006,LOC037,VISITED,2026-08-09T01:17:17.586413,0
P021,LOC034,VISITED,2026-08-24T22:17:17.586413,0
P073,LOC010,VISITED,2026-08-02T23:17:17.586413,0
P037,LOC035,VISITED,2026-08-26T03:17:17.586413,0
P048,LOC006,VISITED,2026-08-08T21:17:17.586413,0
P011,LOC018,VISITED,2026-08-29T03:17:17.586413,0
P090,LOC032,VISITED,2026-08-09T01:17:17.586413,0
P015,LOC004,VISITED,2026-08-28T02:17:17.586413,0
P035,LOC031,VISITED,2026-08-02T22:17:17.586413,0
P080,LOC033,VISITED,2026-08-12T01:17:17.586413,0
P074,LOC003,VISITED,2026-08-21T23:17:17.586413,0
P092,LOC040,VISITED,2026-08-15T19:17:17.586413,0
P023,LOC003,VISITED,2026-08-10T03:17:17.586413,0
P036,LOC019,VISITED,2026-08-03T00:17:17.586413,0
P022,LOC032,VISITED,2026-08-15T04:17:17.586413,0
P083,LOC040,VISITED,2026-08-14T19:17:17.586413,0
P069,LOC035,VISITED,2026-08-06T23:17:17.586413,0
P066,V003,OWNS,2026-08-07T11:17:17.586413,0
P055,V004,OWNS,2026-08-08T11:17:17.586413,0
P045,V005,OWNS,2026-08-06T11:17:17.586413,0
P005,V006,OWNS,2026-08-02T11:17:17.586413,0
P011,V007,OWNS,2026-08-01T11:17:17.586413,0
P091,V008,OWNS,2026-08-03T11:17:17.586413,0
P106,V009,OWNS,2026-08-07T11:17:17.586413,0
P040,V010,OWNS,2026-08-02T11:17:17.586413,0
P037,V011,OWNS,2026-08-10T11:17:17.586413,0
P091,V012,OWNS,2026-08-02T11:17:17.586413,0
P071,V013,OWNS,2026-08-02T11:17:17.586413,0
P030,V014,OWNS,2026-08-02T11:17:17.586413,0
P045,V015,OWNS,2026-08-04T11:17:17.586413,0
P002,V016,OWNS,2026-08-03T11:17:17.586413,0
P012,V017,OWNS,2026-08-03T11:17:17.586413,0
P013,V018,OWNS,2026-08-01T11:17:17.586413,0
P058,V019,OWNS,2026-08-06T11:17:17.586413,0
P096,V020,OWNS,2026-08-03T11:17:17.586413,0
P006,V021,OWNS,2026-08-04T11:17:17.586413,0
P049,V022,OWNS,2026-08-03T11:17:17.586413,0
P065,V023,OWNS,2026-08-08T11:17:17.586413,0
P089,V024,OWNS,2026-08-01T11:17:17.586413,0
P002,V025,OWNS,2026-08-04T11:17:17.586413,0
P025,V026,OWNS,2026-08-09T11:17:17.586413,0
P008,V027,OWNS,2026-08-05T11:17:17.586413,0
P004,V028,OWNS,2026-08-01T11:17:17.586413,0
P045,V029,OWNS,2026-08-08T11:17:17.586413,0
P039,V030,OWNS,2026-08-04T11:17:17.586413,0
P078,V031,OWNS,2026-08-04T11:17:17.586413,0
P067,V032,OWNS,2026-08-02T11:17:17.586413,0
P009,V033,OWNS,2026-08-10T11:17:17.586413,0
P045,V034,OWNS,2026-08-06T11:17:17.586413,0
P027,V035,OWNS,2026-08-05T11:17:17.586413,0
P092,V036,OWNS,2026-08-07T11:17:17.586413,0
P073,V037,OWNS,2026-08-01T11:17:17.586413,0
P096,V038,OWNS,2026-08-01T11:17:17.586413,0
P006,V039,OWNS,2026-08-07T11:17:17.586413,0
P059,V040,OWNS,2026-08-04T11:17:17.586413,0
P049,ORG003,ASSOCIATED_WITH,2026-08-04T11:17:17.586413,0
P109,ORG004,WORKS_FOR,2026-08-01T11:17:17.586413,0
P003,ORG005,WORKS_FOR,2026-08-01T11:17:17.586413,0
P075,ORG006,WORKS_FOR,2026-08-01T11:17:17.586413,0
P084,ORG007,ASSOCIATED_WITH,2026-08-02T11:17:17.586413,0
P010,ORG008,ASSOCIATED_WITH,2026-08-01T11:17:17.586413,0
P013,ORG009,ASSOCIATED_WITH,2026-08-04T11:17:17.586413,0
P079,ORG010,WORKS_FOR,2026-08-05T11:17:17.586413,0
P094,ORG011,WORKS_FOR,2026-08-03T11:17:17.586413,0
P033,ORG012,ASSOCIATED_WITH,2026-08-01T11:17:17.586413,0
P026,ORG013,ASSOCIATED_WITH,2026-08-05T11:17:17.586413,0
P048,ORG014,WORKS_FOR,2026-08-02T11:17:17.586413,0
P066,ORG015,ASSOCIATED_WITH,2026-08-04T11:17:17.586413,0
P039,ORG016,WORKS_FOR,2026-08-03T11:17:17.586413,0
P091,ORG017,ASSOCIATED_WITH,2026-08-03T11:17:17.586413,0
P107,ORG018,ASSOCIATED_WITH,2026-08-03T11:17:17.586413,0
P003,P002,TRANSFERRED_TO,2026-08-15T21:17:17.586413,1500000
P005,P006,TRANSFERRED_TO,2026-08-16T11:17:17.586413,80000
P006,P007,TRANSFERRED_TO,2026-08-17T11:17:17.586413,80000
P007,P005,TRANSFERRED_TO,2026-08-18T11:17:17.586413,80000
P004,P010,CALLED,2026-08-21T05:17:17.586413,0
P004,P011,CALLED,2026-08-21T04:17:17.586413,0
P004,P012,CALLED,2026-08-20T22:17:17.586413,0
P004,P013,CALLED,2026-08-21T02:17:17.586413,0
P004,P014,CALLED,2026-08-20T20:17:17.586413,0
P004,P015,CALLED,2026-08-21T00:17:17.586413,0
P004,P016,CALLED,2026-08-21T05:17:17.586413,0
P004,P017,CALLED,2026-08-21T05:17:17.586413,0
P004,P018,CALLED,2026-08-21T05:17:17.586413,0
P004,P019,CALLED,2026-08-20T22:17:17.586413,0
P002,LOC001,VISITED,2026-08-13T01:27:17.586413,0
P003,LOC001,VISITED,2026-08-13T02:02:17.586413,0
P020,P050,CALLED,2026-08-22T21:17:17.586413,0
P020,P051,CALLED,2026-08-23T00:17:17.586413,0
P020,P052,CALLED,2026-08-22T12:17:17.586413,0
P020,P053,CALLED,2026-08-22T16:17:17.586413,0
P020,P054,CALLED,2026-08-22T12:17:17.586413,0
P020,P055,CALLED,2026-08-23T03:17:17.586413,0
P020,P056,CALLED,2026-08-23T07:17:17.586413,0
P020,P057,CALLED,2026-08-22T14:17:17.586413,0
P030,P035,TRANSFERRED_TO,2026-08-23T13:51:17.586413,125000
